<?xml version="1.0" encoding="UTF-8"?>
<Editor version="1.0">
   <File absPath="" lastWrittenTime="1682622275561" name="app1.mlapp">
      <CodeFolds version="1.0">
         <FoldType name="properties">
            <Fold endOffset="163" startOffset="93" state="collapsed"/>
         </FoldType>
         <FoldType name="method">
            <Fold endOffset="424" startOffset="278" state="collapsed"/>
         </FoldType>
      </CodeFolds>
   </File>
   <File absPath="" lastWrittenTime="1682624268611" name="comp2.mlapp">
      <CodeFolds version="1.0">
         <FoldType name="properties">
            <Fold endOffset="189" startOffset="129" state="collapsed"/>
         </FoldType>
      </CodeFolds>
   </File>
   <File absPath="" lastWrittenTime="1682624319737" name="comp3.mlapp">
      <CodeFolds version="1.0">
         <FoldType name="properties">
            <Fold endOffset="189" startOffset="129" state="collapsed"/>
         </FoldType>
         <FoldType name="method">
            <Fold endOffset="613" startOffset="485" state="collapsed"/>
         </FoldType>
      </CodeFolds>
   </File>
   <File absPath="" lastWrittenTime="1682624376828" name="comp4.mlapp">
      <CodeFolds version="1.0">
         <FoldType name="properties">
            <Fold endOffset="189" startOffset="129" state="collapsed"/>
         </FoldType>
      </CodeFolds>
   </File>
   <File absPath="" lastWrittenTime="1682624389783" name="app2.mlapp">
      <CodeFolds version="1.0">
         <FoldType name="properties">
            <Fold endOffset="163" startOffset="93" state="collapsed"/>
         </FoldType>
         <FoldType name="method">
            <Fold endOffset="424" startOffset="278" state="collapsed"/>
            <Fold endOffset="804" startOffset="530" state="collapsed"/>
         </FoldType>
      </CodeFolds>
   </File>
   <File absPath="" lastWrittenTime="1682624425544" name="app3.mlapp">
      <CodeFolds version="1.0">
         <FoldType name="method">
            <Fold endOffset="653" startOffset="278" state="collapsed"/>
            <Fold endOffset="1033" startOffset="759" state="collapsed"/>
            <Fold endOffset="1208" startOffset="1093" state="collapsed"/>
         </FoldType>
      </CodeFolds>
   </File>
   <File absPath="" lastWrittenTime="1682624645362" name="comp5.mlapp">
      <CodeFolds version="1.0">
         <FoldType name="properties">
            <Fold endOffset="189" startOffset="129" state="collapsed"/>
         </FoldType>
         <FoldType name="method">
            <Fold endOffset="613" startOffset="485" state="collapsed"/>
         </FoldType>
      </CodeFolds>
   </File>
   <File absPath="/MATLAB Drive" lastWrittenTime="1682624749076" name="comp5.mlapp">
      <CodeFolds version="1.0">
         <FoldType name="properties">
            <Fold endOffset="189" startOffset="129" state="collapsed"/>
         </FoldType>
      </CodeFolds>
   </File>
   <File absPath="" lastWrittenTime="1682624945946" name="comp6.mlapp">
      <CodeFolds version="1.0">
         <FoldType name="properties">
            <Fold endOffset="189" startOffset="129" state="collapsed"/>
         </FoldType>
         <FoldType name="method">
            <Fold endOffset="613" startOffset="485" state="collapsed"/>
         </FoldType>
      </CodeFolds>
   </File>
   <File absPath="" lastWrittenTime="1682625106695" name="comp1.mlapp">
      <CodeFolds version="1.0">
         <FoldType name="properties">
            <Fold endOffset="189" startOffset="129" state="collapsed"/>
         </FoldType>
      </CodeFolds>
   </File>
   <File absPath="/MATLAB Drive" lastWrittenTime="1682652448406" name="comp1.mlapp">
      <CodeFolds version="1.0">
         <FoldType name="properties">
            <Fold endOffset="882" startOffset="129" state="collapsed"/>
         </FoldType>
         <FoldType name="method">
            <Fold endOffset="11058" startOffset="7491" state="collapsed"/>
         </FoldType>
      </CodeFolds>
   </File>
   <File absPath="/MATLAB Drive/Project 2 MATLAB" lastWrittenTime="1682652847252" name="Project2_MATLAB.mlapp">
      <CodeFolds version="1.0">
         <FoldType name="properties">
            <Fold endOffset="892" startOffset="139" state="collapsed"/>
         </FoldType>
         <FoldType name="method">
            <Fold endOffset="11048" startOffset="7501" state="collapsed"/>
         </FoldType>
      </CodeFolds>
   </File>
</Editor>